user_id,server_id,request_id,request_type,message
010001011111,011001110001,001111110010,110100000010,011101110100
101011101001,001111110001,100011000101,100111111110,110100000001
101011001110,100110010100,010000011100,011010000110,001111110011
100110110011,000011001111,010100100001,011110111001,110111100110
010000101000,000011101101,010000111001,010000100111,110101010001
110111110001,010000100011,100110000001,100111111110,101011011000
001101100111,010110101101,001000101110,011010000110,000111011010
011110110110,110100100100,110001110000,110100000010,110011001101
001001111101,100101101000,101010101110,100111111110,011000010111
000001111100,110000110000,001001111100,011110111001,000010011110
100110110011,100111111111,000011000101,010000100111,010000101011
001101011010,010000110001,010000000111,110100000010,101110010101
010101111010,010001100011,001110000110,100111111110,100000011000
011110100000,100110011010,011101011100,011010000110,100000100101
000100001000,010111101111,110111110110,011110111001,011011110100
010001001000,000101001000,011000001110,010000100111,011100111110
000101100100,110110000101,011000110000,100111111110,100111111011
000000100111,100000001100,001111100110,011010000110,110011110010
001110000000,010100001111,011001001000,110100000010,100000010110
101101101100,111111000110,110010010111,100111111110,000101000000
100001010101,011101010001,100000101011,011110111001,011110011101
101011011010,111011010011,111010101110,010000100111,010110010010
000110100101,100001010010,111100110100,110100000010,101001001100
010110100010,011101000010,110100100111,100111111110,110100000001
000101001011,001011110101,110110110101,011010000110,101100000101
000101101010,101010000100,101100110010,011110111001,011001101111
000010010000,001110010001,110000101001,010000100111,101011000111
101100011110,110001101101,100101110101,100111111110,101001000011
101001100010,110100001100,010001100000,011010000110,010100001111
001111011010,011110011000,101001110101,110100000010,111000111011
110001010011,001011001011,110010001110,100111111110,010100110011
110100000001,010101110001,010100011000,011110111001,011100111000
110010011011,001001010100,001111101110,010000100111,100001000110
101001111010,001001101001,111101000100,011010000110,001101111100
010101101110,001011010101,100111101011,100111111110,101001010000
111111000110,100111110001,010001111101,011110111001,101100111000
101010111001,110100110000,001110101100,110100000010,101111011101
001010111001,011101101110,011011101000,010000100111,000011110101
011111011101,000101001100,000000011111,100111111110,001101010110
101101010100,000101010011,110100001100,011010000110,100011110000
101011011110,110011100010,100100100010,011110111001,110100111011
010011110000,001100101000,111010001010,010000100111,111101000001
000110111010,110011101111,010000100100,100111111110,001010111011
101010000111,100010101110,100100011100,011010000110,111001001100
101100001001,010110110110,011011000101,110100000010,110011100011
011101101101,101001000000,011101001111,100111111110,000011001110
001000000000,111000000111,010000010110,011110111001,011100101000
010001111110,111101011111,100101111111,010000100111,011000011111
101001001001,110000110111,101110100011,011010000110,010000011110
